estimates,runtime,forced,relevant_nodes,cat_regions,b_adic_cubes,num_regions,candidate_regions,query_regions,level_0_queries,level_1_queries,level_2_queries,level_3_queries,level_4_queries,true_mins,absolute_error,normalized_error,relative_error
0.0,34.0491,-1,1,1,8257,289,289,289,240,28,18,3,0,0,0.0,0.0,0.0
0.0,2.0615,-1,7,7,17,17,119,70,21,21,7,21,0,0,0.0,0.0,0.0
0.0,12.4981,-1,1,1,8257,233,233,233,209,7,12,5,0,0,0.0,0.0,0.0
0.0,64.1722,-1,1,1,108065,2749,2749,874,53,196,561,64,0,0,0.0,0.0,0.0
0.0,0.8249,-1,1,1,17,17,17,17,6,4,3,4,0,0,0.0,0.0,0.0
0.0,20.3982,-1,1,1,18886,2959,2959,2067,438,1583,30,16,0,0,0.0,0.0,0.0
0.0,56.3975,-1,1,1,109356,3126,3126,3126,374,1226,1475,51,0,0,0.0,0.0,0.0
0.0,2.0523,-1,7,7,2065,37,259,182,0,98,77,7,0,0,0.0,0.0,0.0
0.0,5.3293,-1,1,1,5401,774,774,774,580,142,43,9,0,0,0.0,0.0,0.0
0.0,0.2354,-1,1,1,17,17,17,17,6,4,3,4,0,0,0.0,0.0,0.0
0.0,0.3006,-1,1,1,41,41,41,41,15,4,15,6,1,0,0.0,0.0,0.0
120.0,0.1125,-1,27,9,1,1,9,9,0,0,0,0,9,93,27.0,4.5004950544559904e-05,0.2903225806451613
0.0,4.0447,-1,1,1,937,932,932,932,668,254,6,4,0,0,0.0,0.0,0.0
0.0,0.4273,-1,1,1,17,17,17,17,1,5,8,3,0,0,0.0,0.0,0.0
0.0,1.8161,-1,1,1,2065,41,41,41,0,21,15,5,0,0,0.0,0.0,0.0
511.0,60.0986,-1,7,7,114678,2341,16387,1452,86,180,710,476,0,0,511.0,0.0008517603603063003,0.0
0.0,3.5296,-1,1,1,5401,140,140,140,90,35,12,3,0,0,0.0,0.0,0.0
0.0,21.3958,-1,1,1,19738,3450,3450,3450,2133,1293,10,14,0,0,0.0,0.0,0.0
0.0,0.3684,-1,3,1,4,4,4,4,1,2,0,1,0,0,0.0,0.0,0.0
0.0,0.2576,-1,1,1,32,32,32,28,11,4,5,7,1,0,0.0,0.0,0.0
378.0,65.1115,3,1,1,450,108,108,108,0,0,0,108,0,0,378.0,0.0006300693076238386,0.0
0.0,6.4436,-1,1,1,4945,511,511,511,385,41,79,6,0,0,0.0,0.0,0.0
0.0,19.0273,-1,1,1,16513,2216,2216,2216,2003,48,148,17,0,0,0.0,0.0,0.0
0.0,5.8921,-1,1,1,5401,756,756,281,159,99,17,6,0,0,0.0,0.0,0.0
0.0,2.4218,-1,1,1,1969,172,172,172,0,156,10,6,0,0,0.0,0.0,0.0
0.0,70.7647,-1,1,1,104478,2634,2634,2634,409,1336,825,64,0,0,0.0,0.0,0.0
0.0,0.2083,-1,1,1,1,1,1,1,0,0,0,0,1,0,0.0,0.0,0.0
0.0,16.3852,-1,1,1,20853,1030,1030,1030,63,99,800,68,0,0,0.0,0.0,0.0
0.0,0.2725,-1,1,1,9,9,9,9,1,0,4,4,0,0,0.0,0.0,0.0
432.0,130.5915,3,1,1,425,221,221,221,0,0,0,221,0,0,432.0,0.0007200792087129585,0.0
0.0,0.1896,-1,1,1,13,13,13,13,1,5,3,4,0,0,0.0,0.0,0.0
0.0,0.1089,-1,1,1,13,13,13,13,1,5,3,4,0,0,0.0,0.0,0.0
378.0,113.3316,3,1,1,360,108,108,108,0,0,0,108,0,0,378.0,0.0006300693076238386,0.0
0.0,3.5925,-1,1,1,2521,330,330,330,128,159,40,3,0,0,0.0,0.0,0.0
0.0,0.5481,-1,7,7,13,13,91,63,7,14,21,21,0,0,0.0,0.0,0.0
3182.0,37.7624,-1,21,21,16597,2277,47817,6555,3604,72,2695,184,0,0,3182.0,0.005303916764177393,0.0
0.0,49.4311,3,1,1,450,108,108,108,0,0,0,108,0,0,0.0,0.0,0.0
0.0,0.1128,-1,1,1,4,4,4,4,1,2,0,1,0,0,0.0,0.0,0.0
0.0,6.0836,-1,1,1,4849,507,507,507,498,0,0,9,0,0,0.0,0.0,0.0
0.0,3.1911,-1,1,1,2521,349,349,349,125,198,20,6,0,0,0.0,0.0,0.0
0.0,4.3732,-1,1,1,937,937,937,937,673,254,6,4,0,0,0.0,0.0,0.0
378.0,53.8034,3,1,1,425,102,102,102,0,0,0,102,0,0,378.0,0.0006300693076238386,0.0
0.0,0.2508,-1,7,7,4,4,28,28,7,14,0,7,0,0,0.0,0.0,0.0
0.0,6.0675,-1,1,1,937,932,932,932,668,254,6,4,0,0,0.0,0.0,0.0
0.0,0.1515,-1,1,1,13,13,13,13,1,5,3,4,0,0,0.0,0.0,0.0
0.0,46.448,-1,1,1,107198,3454,3454,3454,392,1412,1602,48,0,0,0.0,0.0,0.0
0.0,0.1757,-1,1,1,17,17,17,17,6,4,3,4,0,0,0.0,0.0,0.0
0.0,2.0051,-1,1,1,4849,101,101,101,60,21,15,5,0,0,0.0,0.0,0.0
0.0,4.5657,-1,1,1,4849,799,799,799,623,121,49,6,0,0,0.0,0.0,0.0
432.0,52.1037,3,1,1,340,153,153,153,0,0,0,153,0,0,432.0,0.0007200792087129585,0.0
302.0,7.0253,-1,462,308,13,13,4004,1408,24,404,377,603,0,0,302.0,0.0005033887060910034,0.0
0.0,8.1073,-1,1,1,8353,1077,1077,1077,875,156,40,6,0,0,0.0,0.0,0.0
0.0,3.8165,-1,1,1,973,972,972,972,672,254,46,0,0,0,0.0,0.0,0.0
0.0,12.4785,-1,1,1,26570,1049,1049,1049,87,94,800,68,0,0,0.0,0.0,0.0
0.0,0.1551,-1,1,1,17,17,17,17,6,4,3,4,0,0,0.0,0.0,0.0
0.0,3.8101,-1,1,1,8257,247,247,247,209,28,3,7,0,0,0.0,0.0,0.0
0.0,4.6103,-1,1,1,5497,818,818,818,506,276,35,1,0,0,0.0,0.0,0.0
0.0,51.7102,3,1,1,288,108,108,108,0,0,0,108,0,0,0.0,0.0,0.0
0.0,0.3082,-1,7,7,13,13,91,42,0,7,14,21,0,0,0.0,0.0,0.0
0.0,0.8034,-1,54,36,17,17,612,163,15,45,27,76,0,0,0.0,0.0,0.0
0.0,27.0143,-1,1,1,34960,2724,2724,2724,99,1759,802,64,0,0,0.0,0.0,0.0
0.0,3.8332,-1,1,1,5401,657,657,193,152,32,0,9,0,0,0.0,0.0,0.0
0.0,0.1026,-1,1,1,3,3,3,3,1,0,1,1,0,0,0.0,0.0,0.0
0.0,18.8158,-1,1,1,29233,2326,2326,2326,72,1561,625,68,0,0,0.0,0.0,0.0
0.0,0.455,-1,7,7,17,17,119,70,21,28,7,14,0,0,0.0,0.0,0.0
0.0,0.1175,-1,1,1,13,13,13,13,1,5,3,4,0,0,0.0,0.0,0.0
960.0,2.9951,-1,378,252,9,9,2268,1005,22,0,376,607,0,27,933.0,0.0015551710688175699,34.55555555555556
0.0,0.1792,-1,1,1,4,4,4,4,1,2,0,1,0,0,0.0,0.0,0.0
0.0,0.0302,-1,1,1,1,1,1,1,0,0,0,0,1,0,0.0,0.0,0.0
0.0,3.5251,-1,1,1,919,916,916,916,610,260,46,0,0,0,0.0,0.0,0.0
0.0,2.4447,-1,1,1,676,674,674,674,611,30,29,4,0,0,0.0,0.0,0.0
0.0,0.2362,-1,1,1,41,41,41,41,15,14,4,7,1,0,0.0,0.0,0.0
0.0,0.1193,-1,3,1,17,17,17,8,4,1,1,2,0,0,0.0,0.0,0.0
0.0,0.0775,-1,1,1,13,13,13,6,0,3,1,2,0,0,0.0,0.0,0.0
0.0,0.2011,-1,1,1,42,42,42,42,6,5,15,16,0,0,0.0,0.0,0.0
1039.0,9.0316,-1,7,7,16585,223,1561,1366,0,63,1226,77,0,0,1039.0,0.0017318571709554718,0.0
0.0,2.3963,-1,1,1,2617,397,397,397,129,198,62,8,0,0,0.0,0.0,0.0
0.0,0.1373,-1,1,1,17,17,17,17,6,4,3,4,0,0,0.0,0.0,0.0
0.0,0.0387,-1,1,1,1,1,1,1,0,0,0,0,1,0,0.0,0.0,0.0
0.0,0.0606,-1,1,1,9,9,9,9,1,0,4,4,0,0,0.0,0.0,0.0
0.0,3.4058,-1,1,1,5497,450,450,450,259,120,68,3,0,0,0.0,0.0,0.0
432.0,55.4031,3,1,1,425,221,221,221,0,0,0,221,0,0,432.0,0.0007200792087129585,0.0
0.0,0.092,-1,1,1,1,1,1,1,0,0,0,0,1,0,0.0,0.0,0.0
0.0,0.0567,-1,21,7,1,1,7,7,0,0,0,0,7,0,0.0,0.0,0.0
0.0,0.1203,-1,1,1,17,17,17,7,2,0,2,3,0,0,0.0,0.0,0.0
0.0,0.1231,-1,1,1,17,17,17,17,6,4,3,4,0,0,0.0,0.0,0.0
0.0,0.1114,-1,1,1,17,17,17,10,1,3,4,2,0,0,0.0,0.0,0.0
0.0,6.61,-1,1,1,5497,641,641,316,92,174,44,6,0,0,0.0,0.0,0.0
0.0,19.7562,-1,1,1,19333,3229,3229,3229,1073,2120,20,16,0,0,0.0,0.0,0.0
0.0,3.2519,-1,1,1,730,728,728,728,671,24,29,4,0,0,0.0,0.0,0.0
0.0,6.4544,-1,1,1,8257,1198,1198,430,261,137,26,6,0,0,0.0,0.0,0.0
432.0,58.5189,3,1,1,360,198,198,198,0,0,0,198,0,0,432.0,0.0007200792087129585,0.0
0.0,34.126,-1,7,7,19248,2061,14427,8022,374,7403,133,112,0,0,0.0,0.0,0.0
0.0,0.2033,-1,1,1,17,17,17,7,4,0,2,1,0,0,0.0,0.0,0.0
0.0,0.0897,-1,1,1,13,13,13,4,0,1,0,3,0,0,0.0,0.0,0.0
0.0,0.1396,-1,1,1,17,17,17,17,6,4,3,4,0,0,0.0,0.0,0.0
1257.0,1.6077,-1,154,77,17,17,1309,513,0,175,301,37,0,0,1257.0,0.002095230475352289,0.0
0.0,7.8426,-1,7,7,8257,697,4879,907,664,0,187,56,0,0,0.0,0.0,0.0
0.0,0.1804,-1,1,1,17,17,17,17,1,5,8,3,0,0,0.0,0.0,0.0
0.0,9.4788,-1,1,1,16478,938,938,938,732,21,169,16,0,0,0.0,0.0,0.0
0.0,0.1307,-1,1,1,13,13,13,6,1,1,1,3,0,0,0.0,0.0,0.0
0.0,0.0961,-1,1,1,13,13,13,13,1,5,3,4,0,0,0.0,0.0,0.0
0.0,0.1165,-1,1,1,17,17,17,17,6,4,3,4,0,0,0.0,0.0,0.0
0.0,4.4969,-1,1,1,5401,682,682,682,487,176,18,1,0,0,0.0,0.0,0.0
0.0,7.179,-1,1,1,8353,1126,1126,1126,1003,78,39,6,0,0,0.0,0.0,0.0
0.0,0.076,-1,1,1,1,1,1,1,0,0,0,0,1,0,0.0,0.0,0.0
0.0,5.7715,-1,1,1,8257,784,784,784,499,233,49,3,0,0,0.0,0.0,0.0
0.0,19.539,-1,1,1,18981,3873,3873,3873,1789,2060,7,17,0,0,0.0,0.0,0.0
0.0,0.2092,-1,1,1,22,22,22,22,4,5,5,7,1,0,0.0,0.0,0.0
1166.0,3.1865,-1,462,308,5,5,1540,1251,242,493,516,0,0,0,1166.0,0.0019435471235169201,0.0
0.0,17.3176,-1,1,1,19779,3234,3234,3234,1141,2066,10,17,0,0,0.0,0.0,0.0
0.0,2.9826,-1,1,1,883,882,882,581,312,259,6,4,0,0,0.0,0.0,0.0
0.0,0.1776,-1,1,1,17,17,17,9,3,4,0,2,0,0,0.0,0.0,0.0
0.0,2.8569,-1,1,1,5401,179,179,179,120,42,12,5,0,0,0.0,0.0,0.0
0.0,3.9233,-1,1,1,919,917,917,917,611,260,46,0,0,0,0.0,0.0,0.0
0.0,2.0693,-1,1,1,649,644,644,351,315,0,32,4,0,0,0.0,0.0,0.0
0.0,0.0818,-1,1,1,4,4,4,4,1,2,0,1,0,0,0.0,0.0,0.0
0.0,0.0727,-1,1,1,9,9,9,9,1,0,4,4,0,0,0.0,0.0,0.0
0.0,0.1095,-1,1,1,17,17,17,17,6,4,3,4,0,0,0.0,0.0,0.0
0.0,0.0386,-1,1,1,1,1,1,1,0,0,0,0,1,0,0.0,0.0,0.0
0.0,0.0234,-1,1,1,1,1,1,1,0,0,0,0,1,0,0.0,0.0,0.0
0.0,0.0229,-1,1,1,1,1,1,1,0,0,0,0,1,0,0.0,0.0,0.0
682.0,0.4645,-1,54,36,5,5,180,144,28,57,59,0,0,2110,1428.0,0.002380261828801168,0.6767772511848341
0.0,6.3642,-1,7,7,5497,702,4914,867,102,429,294,42,0,0,0.0,0.0,0.0
0.0,0.156,-1,1,1,17,17,17,17,6,4,3,4,0,0,0.0,0.0,0.0
0.0,2.0595,-1,1,1,2521,256,256,256,42,181,23,10,0,0,0.0,0.0,0.0
0.0,20.2582,-1,1,1,30107,2677,2677,2677,72,1739,802,64,0,0,0.0,0.0,0.0
0.0,0.2112,-1,1,1,13,13,13,9,1,4,0,4,0,0,0.0,0.0,0.0
0.0,44.9243,-1,1,1,108781,2299,2299,2299,354,1252,625,68,0,0,0.0,0.0,0.0
0.0,3.74,-1,1,1,919,917,917,917,611,260,46,0,0,0,0.0,0.0,0.0
0.0,3.0846,-1,1,1,5401,164,164,164,120,28,9,7,0,0,0.0,0.0,0.0
0.0,0.3249,-1,21,7,17,17,119,56,28,0,14,14,0,0,0.0,0.0,0.0
0.0,11.8793,-1,1,1,16319,2451,2451,1171,946,27,182,16,0,0,0.0,0.0,0.0
479.0,3.0025,-1,378,252,9,9,2268,955,29,0,439,487,0,46,433.0,0.0007217460587331273,9.41304347826087
0.0,0.1593,-1,1,1,9,9,9,9,1,0,4,4,0,0,0.0,0.0,0.0
0.0,4.2538,-1,1,1,8257,240,240,240,210,21,9,0,0,0,0.0,0.0,0.0
0.0,4.3122,-1,1,1,8353,215,215,169,134,14,15,6,0,0,0.0,0.0,0.0
0.0,3.3658,-1,1,1,937,933,933,598,334,254,6,4,0,0,0.0,0.0,0.0
0.0,3.3021,-1,1,1,973,971,971,636,336,254,46,0,0,0,0.0,0.0,0.0
0.0,3.4051,-1,7,7,5401,127,889,386,274,49,42,21,0,0,0.0,0.0,0.0
0.0,0.0696,-1,3,1,1,1,1,1,0,0,0,0,1,0,0.0,0.0,0.0
0.0,3.4262,-1,1,1,937,931,931,931,667,254,6,4,0,0,0.0,0.0,0.0
615.0,21.6934,-1,1,1,20134,4186,4186,4186,2016,1836,334,0,0,0,615.0,0.0010251127624038643,0.0
0.0,17.3536,-1,1,1,16481,2271,2271,2271,2071,4,183,13,0,0,0.0,0.0,0.0
0.0,4.8082,-1,1,1,973,969,969,969,669,254,46,0,0,0,0.0,0.0,0.0
0.0,4.4346,-1,1,1,8257,281,281,218,177,28,6,7,0,0,0.0,0.0,0.0
382.0,68.221,-1,7,7,112969,3318,23226,10056,347,1156,8217,336,0,0,382.0,0.0006367367077045142,0.0
219.0,6.7611,-1,1,1,15352,304,304,169,70,7,78,14,0,0,219.0,0.0003650401544169859,0.0
0.0,2.5911,-1,1,1,5497,104,104,104,60,21,18,5,0,0,0.0,0.0,0.0
0.0,0.115,-1,1,1,13,13,13,13,1,5,3,4,0,0,0.0,0.0,0.0
350.0,54.5224,3,1,1,425,204,204,204,0,0,0,204,0,0,350.0,0.0005833975070591098,0.0
0.0,21.6091,-1,1,1,16712,2314,2314,2314,2073,40,190,11,0,0,0.0,0.0,0.0
0.0,0.2628,-1,3,3,13,13,39,31,2,12,8,9,0,0,0.0,0.0,0.0
0.0,0.0977,-1,1,1,17,17,17,17,6,4,3,4,0,0,0.0,0.0,0.0
0.0,0.0347,-1,1,1,4,4,4,4,1,2,0,1,0,0,0.0,0.0,0.0
0.0,12.8906,-1,1,1,25097,1051,1051,1051,111,72,800,68,0,0,0.0,0.0,0.0
390.0,53.8084,3,1,1,450,162,162,162,0,0,0,162,0,0,390.0,0.0006500715078658653,0.0
0.0,24.8451,-1,1,1,19497,3815,3815,3815,1481,2307,10,17,0,0,0.0,0.0,0.0
0.0,20.492,-1,1,1,19564,4165,4165,4165,1626,2189,350,0,0,0,0.0,0.0,0.0
0.0,2.2273,-1,1,1,4849,100,100,79,39,21,18,1,0,0,0.0,0.0,0.0
0.0,0.1155,-1,1,1,17,17,17,17,6,4,3,4,0,0,0.0,0.0,0.0
0.0,2.5691,-1,1,1,730,727,727,727,670,24,29,4,0,0,0.0,0.0,0.0
0.0,0.2087,-1,1,1,42,42,42,42,6,5,15,16,0,0,0.0,0.0,0.0
0.0,0.1103,-1,3,1,17,17,17,7,2,2,1,2,0,0,0.0,0.0,0.0
0.0,1.9255,-1,1,1,676,673,673,384,321,30,29,4,0,0,0.0,0.0,0.0
0.0,0.1039,-1,1,1,13,13,13,13,1,5,3,4,0,0,0.0,0.0,0.0
0.0,0.1237,-1,1,1,22,22,22,22,4,5,5,7,1,0,0.0,0.0,0.0
0.0,0.1139,-1,1,1,24,24,24,19,1,5,5,7,1,0,0.0,0.0,0.0
2147483647.0,0.133,-1,7,0,17,17,0,0,0,0,0,0,0,2147483647,0.0,0.0,0.0
1370.0,22.6075,-1,7,7,16554,2274,15918,4779,3324,59,1319,77,0,0,1370.0,0.0022835845276313726,0.0
0.0,47.1037,-1,1,1,102145,2288,2288,2288,359,1236,625,68,0,0,0.0,0.0,0.0
0.0,0.1584,-1,1,1,17,17,17,17,6,4,3,4,0,0,0.0,0.0,0.0
0.0,0.037,-1,1,1,1,1,1,1,0,0,0,0,1,0,0.0,0.0,0.0
0.0,4.3773,-1,1,1,5401,693,693,693,484,152,48,9,0,0,0.0,0.0,0.0
0.0,4.3162,-1,1,1,5497,720,720,720,482,172,58,8,0,0,0.0,0.0,0.0
0.0,3.6619,-1,1,1,5401,524,524,524,240,254,27,3,0,0,0.0,0.0,0.0
471.0,54.9066,3,1,1,360,162,162,162,0,0,0,162,0,0,471.0,0.000785086359499545,0.0
690.0,0.8996,-1,54,36,17,17,612,160,21,31,45,63,0,79,611.0,0.0010184453623231888,7.734177215189874
0.0,0.1202,-1,1,1,17,17,17,12,4,2,2,4,0,0,0.0,0.0,0.0
0.0,22.7768,-1,1,1,19208,4413,4413,2698,1045,1629,7,17,0,0,0.0,0.0,0.0
0.0,0.2301,-1,7,7,13,13,91,49,7,7,7,28,0,0,0.0,0.0,0.0
0.0,0.119,-1,1,1,17,17,17,17,6,4,3,4,0,0,0.0,0.0,0.0
0.0,10.4397,-1,21,21,5401,606,12726,1849,58,1686,84,21,0,0,0.0,0.0,0.0
0.0,19.2357,-1,1,1,20126,3772,3772,3772,1299,2125,348,0,0,0,0.0,0.0,0.0
384.0,59.5813,3,1,1,425,102,102,102,0,0,0,102,0,0,384.0,0.000640070407744852,0.0
432.0,62.2148,3,1,1,425,204,204,204,0,0,0,204,0,0,432.0,0.0007200792087129585,0.0
0.0,0.1357,-1,21,7,1,1,7,7,0,0,0,0,7,0,0.0,0.0,0.0
0.0,6.4649,-1,1,1,5401,590,590,282,98,139,36,9,0,0,0.0,0.0,0.0
0.0,5.2996,-1,1,1,8257,196,196,196,150,28,15,3,0,0,0.0,0.0,0.0
0.0,12.7631,-1,1,1,16481,1853,1853,1853,1612,20,205,16,0,0,0.0,0.0,0.0
0.0,3.7048,-1,1,1,5401,675,675,312,117,159,26,10,0,0,0.0,0.0,0.0
0.0,2.9495,-1,1,1,946,937,937,623,351,253,16,3,0,0,0.0,0.0,0.0
0.0,44.9574,-1,1,1,110214,2260,2260,765,67,173,457,68,0,0,0.0,0.0,0.0
0.0,2.6128,-1,1,1,5497,128,128,128,60,42,21,5,0,0,0.0,0.0,0.0
0.0,3.5169,-1,1,1,4849,546,546,546,499,0,38,9,0,0,0.0,0.0,0.0
0.0,0.1214,-1,1,1,17,17,17,17,1,5,8,3,0,0,0.0,0.0,0.0
378.0,58.5142,3,1,1,360,162,162,162,0,0,0,162,0,0,378.0,0.0006300693076238386,0.0
0.0,0.4083,-1,1,1,17,17,17,17,6,4,3,4,0,0,0.0,0.0,0.0
432.0,64.9709,3,1,1,360,198,198,198,0,0,0,198,0,0,432.0,0.0007200792087129585,0.0
0.0,0.1755,-1,3,3,17,17,51,19,4,2,6,7,0,0,0.0,0.0,0.0
