estimates,runtime,forced,relevant_nodes,cat_regions,b_adic_cubes,num_regions,candidate_regions,query_regions,level_0_queries,level_1_queries,level_2_queries,level_3_queries,level_4_queries,true_maxs,absolute_error,normalized_error,relative_error
9134.0,9.577,-1,1,1,8257,289,289,289,240,28,18,3,0,9764,630.0,0.0010501155127063976,0.06452273658336748
7724.0,0.5768,-1,7,7,17,17,119,70,21,21,7,21,0,9545,1821.0,0.0030353338867275402,0.19078051335777893
9134.0,8.1454,-1,1,1,8257,233,233,233,209,7,12,5,0,9764,630.0,0.0010501155127063976,0.06452273658336748
2891.0,51.5685,-1,1,1,108065,2749,2749,874,53,196,561,64,0,4459,1568.0,0.002613620831624812,0.3516483516483517
9134.0,0.5735,-1,1,1,17,17,17,17,6,4,3,4,0,9759,625.0,0.0010417812626055533,0.06404344707449534
2198.0,14.9886,-1,1,1,18886,2959,2959,2067,438,1583,30,16,0,3778,1580.0,0.002633623031866839,0.41821069348861833
3495.0,48.7564,-1,1,1,109356,3126,3126,3126,374,1226,1475,51,0,5122,1627.0,0.0027119649828147765,0.3176493557204217
4071.0,1.5643,-1,7,7,2065,37,259,182,0,98,77,7,0,9374,5303.0,0.008839305656955598,0.5657136761254534
8927.0,5.1434,-1,1,1,5401,774,774,774,580,142,43,9,0,9950,1023.0,0.0017051875706327697,0.1028140703517588
9734.0,0.1333,-1,1,1,17,17,17,17,6,4,3,4,0,9950,216.0,0.00036003960435647924,0.021708542713567838
3592.0,0.2009,-1,1,1,41,41,41,41,15,4,15,6,1,3594,2.0,3.3337000403377706e-06,0.0005564830272676684
9119.0,0.0948,-1,27,9,1,1,9,9,0,0,0,0,9,9809,690.0,0.0011501265139165309,0.07034356203486594
6048.0,3.473,-1,1,1,937,932,932,932,668,254,6,4,0,6752,704.0,0.0011734624141988951,0.10426540284360189
9599.0,0.1153,-1,1,1,17,17,17,17,1,5,8,3,0,9950,351.0,0.0005850643570792787,0.03527638190954774
9234.0,1.5002,-1,1,1,2065,41,41,41,0,21,15,5,0,9950,716.0,0.0011934646144409217,0.07195979899497487
2878.0,63.6131,-1,7,7,114678,2341,16387,1452,86,180,710,476,0,5243,2365.0,0.003942100297699413,0.4510776273126073
9369.0,3.8441,-1,1,1,5401,140,140,140,90,35,12,3,0,9764,395.0,0.0006584057579667097,0.04045473166734945
3299.0,25.4226,-1,1,1,19738,3450,3450,3450,2133,1293,10,14,0,4900,1601.0,0.002668626882290385,0.326734693877551
6283.0,0.2127,-1,3,1,4,4,4,4,1,2,0,1,0,4907,1376.0,0.002293585627752386,0.2804157326268596
3999.0,0.3052,-1,1,1,32,32,32,28,11,4,5,7,1,4633,634.0,0.0010567829127870732,0.13684437729333046
2051.0,76.882,3,1,1,450,108,108,108,0,0,0,108,0,3802,1751.0,0.0029186543853157183,0.4605470804839558
9117.0,7.4444,-1,1,1,4945,511,511,511,385,41,79,6,0,9764,647.0,0.0010784519630492688,0.06626382630069644
3299.0,16.724,-1,1,1,16513,2216,2216,2216,2003,48,148,17,0,4945,1646.0,0.002743635133197985,0.3328614762386249
8928.0,5.5647,-1,1,1,5401,756,756,281,159,99,17,6,0,9599,671.0,0.001118456363533322,0.06990311490780289
9336.0,2.0368,-1,1,1,1969,172,172,172,0,156,10,6,0,9764,428.0,0.0007134118086322829,0.04383449405981155
2396.0,58.1675,-1,1,1,104478,2634,2634,2634,409,1336,825,64,0,3963,1567.0,0.0026119539816046432,0.395407519555892
9870.0,0.0961,-1,1,1,1,1,1,1,0,0,0,0,1,9870,0.0,0.0,0.0
2796.0,14.1204,-1,1,1,20853,1030,1030,1030,63,99,800,68,0,4443,1647.0,0.002745301983218154,0.37069547602970965
9191.0,0.1717,-1,1,1,9,9,9,9,1,0,4,4,0,9764,573.0,0.0009551050615567712,0.05868496517820565
3149.0,72.3929,3,1,1,425,221,221,221,0,0,0,221,0,5006,1857.0,0.00309534048745362,0.37095485417499
9599.0,0.6723,-1,1,1,13,13,13,13,1,5,3,4,0,9810,211.0,0.00035170535425563476,0.021508664627930683
9599.0,0.1578,-1,1,1,13,13,13,13,1,5,3,4,0,9810,211.0,0.00035170535425563476,0.021508664627930683
2469.0,80.523,3,1,1,360,108,108,108,0,0,0,108,0,4182,1713.0,0.0028553140845493006,0.4096126255380201
9336.0,6.2644,-1,1,1,2521,330,330,330,128,159,40,3,0,9764,428.0,0.0007134118086322829,0.04383449405981155
8017.0,0.7651,-1,7,7,13,13,91,63,7,14,21,21,0,9759,1742.0,0.002903652735134198,0.17850189568603342
882.0,54.7342,-1,21,21,16597,2277,47817,6555,3604,72,2695,184,0,5289,4407.0,0.007345808038884277,0.8332387975042541
1904.0,64.1453,3,1,1,450,108,108,108,0,0,0,108,0,3686,1782.0,0.0029703267359409537,0.4834508952794357
4967.0,0.1132,-1,1,1,4,4,4,4,1,2,0,1,0,4967,0.0,0.0,0.0
9117.0,9.204,-1,1,1,4849,507,507,507,498,0,0,9,0,9810,693.0,0.0011551270639770376,0.07064220183486239
9117.0,7.1929,-1,1,1,2521,349,349,349,125,198,20,6,0,9764,647.0,0.0010784519630492688,0.06626382630069644
4418.0,6.742,-1,1,1,937,937,937,937,673,254,6,4,0,4940,522.0,0.0008700957105281581,0.10566801619433198
2051.0,78.201,3,1,1,425,102,102,102,0,0,0,102,0,3811,1760.0,0.002933656035497238,0.4618210443453162
5892.0,0.2175,-1,7,7,4,4,28,28,7,14,0,7,0,6570,678.0,0.0011301243136745043,0.10319634703196347
6048.0,10.1121,-1,1,1,937,932,932,932,668,254,6,4,0,6752,704.0,0.0011734624141988951,0.10426540284360189
9172.0,0.31,-1,1,1,13,13,13,13,1,5,3,4,0,9704,532.0,0.0008867642107298469,0.05482275350370981
2698.0,64.9175,-1,1,1,107198,3454,3454,3454,392,1412,1602,48,0,4278,1580.0,0.002633623031866839,0.3693314633006078
9599.0,0.231,-1,1,1,17,17,17,17,6,4,3,4,0,9950,351.0,0.0005850643570792787,0.03527638190954774
9134.0,3.021,-1,1,1,4849,101,101,101,60,21,15,5,0,9764,630.0,0.0010501155127063976,0.06452273658336748
9117.0,6.6979,-1,1,1,4849,799,799,799,623,121,49,6,0,9764,647.0,0.0010784519630492688,0.06626382630069644
2753.0,79.8541,3,1,1,340,153,153,153,0,0,0,153,0,4638,1885.0,0.0031420122880183488,0.4064251832686503
1967.0,5.004,-1,462,308,13,13,4004,1408,24,404,377,603,0,9764,7797.0,0.012996429607256799,0.7985456780008193
9117.0,12.4926,-1,1,1,8353,1077,1077,1077,875,156,40,6,0,9764,647.0,0.0010784519630492688,0.06626382630069644
5582.0,5.2502,-1,1,1,973,972,972,972,672,254,46,0,0,7303,1721.0,0.0028686488847106516,0.23565657948788168
3495.0,15.7085,-1,1,1,26570,1049,1049,1049,87,94,800,68,0,5150,1655.0,0.002758636783379505,0.3213592233009709
9599.0,0.3494,-1,1,1,17,17,17,17,6,4,3,4,0,9950,351.0,0.0005850643570792787,0.03527638190954774
9234.0,5.1123,-1,1,1,8257,247,247,247,209,28,3,7,0,9950,716.0,0.0011934646144409217,0.07195979899497487
9599.0,6.7355,-1,1,1,5497,818,818,818,506,276,35,1,0,9764,165.0,0.00027503025332786606,0.01689881196231053
2759.0,71.087,3,1,1,288,108,108,108,0,0,0,108,0,4454,1695.0,0.0028253107841862603,0.38055680287382126
8279.0,0.4957,-1,7,7,13,13,91,42,0,7,14,21,0,9810,1531.0,0.0025519473808785632,0.15606523955147808
1925.0,1.1417,-1,54,36,17,17,612,163,15,45,27,76,0,0,1925.0,0.003208686288825104,0.0
2996.0,34.9653,-1,1,1,34960,2724,2724,2724,99,1759,802,64,0,4589,1593.0,0.002655292082129034,0.34713445195031595
7992.0,5.4819,-1,1,1,5401,657,657,193,152,32,0,9,0,9734,1742.0,0.002903652735134198,0.17896034518183687
6128.0,0.1432,-1,1,1,3,3,3,3,1,0,1,1,0,6128,0.0,0.0,0.0
2597.0,24.0694,-1,1,1,29233,2326,2326,2326,72,1561,625,68,0,4212,1615.0,0.0026919627825727497,0.38342830009496676
8289.0,0.6023,-1,7,7,17,17,119,70,21,28,7,14,0,9599,1310.0,0.00218357352642124,0.1364725492238775
9599.0,0.1966,-1,1,1,13,13,13,13,1,5,3,4,0,9764,165.0,0.00027503025332786606,0.01689881196231053
2049.0,4.4901,-1,378,252,9,9,2268,1005,22,0,376,607,0,2967,918.0,0.0015301683185150365,0.30940343781597573
5004.0,0.1981,-1,1,1,4,4,4,4,1,2,0,1,0,5004,0.0,0.0,0.0
9824.0,0.0777,-1,1,1,1,1,1,1,0,0,0,0,1,9824,0.0,0.0,0.0
3946.0,5.5368,-1,1,1,919,916,916,916,610,260,46,0,0,5897,1951.0,0.003252024389349495,0.3308461929794811
4418.0,4.5996,-1,1,1,676,674,674,674,611,30,29,4,0,5397,979.0,0.0016318461697453386,0.1813970724476561
3099.0,0.5452,-1,1,1,41,41,41,41,15,14,4,7,1,3735,636.0,0.001060116612827411,0.17028112449799196
9025.0,0.3121,-1,3,1,17,17,17,8,4,1,1,2,0,9495,470.0,0.000783419509479376,0.049499736703528176
9117.0,0.215,-1,1,1,13,13,13,6,0,3,1,2,0,9191,74.0,0.00012334690149249752,0.008051354586008051
4302.0,0.4837,-1,1,1,42,42,42,42,6,5,15,16,0,4781,479.0,0.000798421159660896,0.10018824513700063
2264.0,17.0074,-1,7,7,16585,223,1561,1366,0,63,1226,77,0,5216,2952.0,0.004920541259538549,0.5659509202453987
9103.0,6.3909,-1,1,1,2617,397,397,397,129,198,62,8,0,9810,707.0,0.0011784629642594018,0.07206931702344546
9764.0,0.3317,-1,1,1,17,17,17,17,6,4,3,4,0,9950,186.0,0.0003100341037514127,0.018693467336683416
9950.0,0.1527,-1,1,1,1,1,1,1,0,0,0,0,1,9950,0.0,0.0,0.0
9599.0,0.1526,-1,1,1,9,9,9,9,1,0,4,4,0,9764,165.0,0.00027503025332786606,0.01689881196231053
9103.0,7.2084,-1,1,1,5497,450,450,450,259,120,68,3,0,9810,707.0,0.0011784629642594018,0.07206931702344546
3149.0,78.3938,3,1,1,425,221,221,221,0,0,0,221,0,5148,1999.0,0.0033320331903176014,0.3883061383061383
9870.0,0.0821,-1,1,1,1,1,1,1,0,0,0,0,1,9870,0.0,0.0,0.0
9731.0,0.0657,-1,21,7,1,1,7,7,0,0,0,0,7,9950,219.0,0.0003650401544169859,0.022010050251256283
9344.0,0.133,-1,1,1,17,17,17,7,2,0,2,3,0,9764,420.0,0.0007000770084709318,0.043015157722244984
9599.0,0.1296,-1,1,1,17,17,17,17,6,4,3,4,0,9764,165.0,0.00027503025332786606,0.01689881196231053
9177.0,0.1276,-1,1,1,17,17,17,10,1,3,4,2,0,9731,554.0,0.0009234349111735624,0.0569314561709999
8031.0,10.7593,-1,1,1,5497,641,641,316,92,174,44,6,0,9424,1393.0,0.002321922078095257,0.14781409168081494
2597.0,30.3589,-1,1,1,19333,3229,3229,3229,1073,2120,20,16,0,4165,1568.0,0.002613620831624812,0.3764705882352941
6048.0,3.6546,-1,1,1,730,728,728,728,671,24,29,4,0,6144,96.0,0.000160017601936213,0.015625
8928.0,10.1622,-1,1,1,8257,1198,1198,430,261,137,26,6,0,9599,671.0,0.001118456363533322,0.06990311490780289
2663.0,64.3256,3,1,1,360,198,198,198,0,0,0,198,0,4375,1712.0,0.0028536472345291317,0.3913142857142857
2594.0,41.8845,-1,7,7,19248,2061,14427,8022,374,7403,133,112,0,4197,1603.0,0.002671960582330723,0.3819394805813676
8957.0,0.2803,-1,1,1,17,17,17,7,4,0,2,1,0,9764,807.0,0.0013451479662762904,0.08265055305202786
8313.0,0.1828,-1,1,1,13,13,13,4,0,1,0,3,0,9089,776.0,0.001293475615651055,0.08537792936516668
9599.0,0.1937,-1,1,1,17,17,17,17,6,4,3,4,0,9950,351.0,0.0005850643570792787,0.03527638190954774
838.0,2.2664,-1,154,77,17,17,1309,513,0,175,301,37,0,8617,7779.0,0.012966426306893758,0.9027503771614251
5717.0,15.1946,-1,7,7,8257,697,4879,907,664,0,187,56,0,9950,4233.0,0.007055776135374892,0.42542713567839197
9321.0,0.2201,-1,1,1,17,17,17,17,1,5,8,3,0,9734,413.0,0.0006884090583297496,0.04242860078076844
3399.0,16.194,-1,1,1,16478,938,938,938,732,21,169,16,0,4961,1562.0,0.0026036197315037987,0.3148558758314856
9344.0,0.1474,-1,1,1,13,13,13,6,1,1,1,3,0,9764,420.0,0.0007000770084709318,0.043015157722244984
9234.0,0.1091,-1,1,1,13,13,13,13,1,5,3,4,0,9870,636.0,0.001060116612827411,0.06443768996960486
9033.0,0.1281,-1,1,1,17,17,17,17,6,4,3,4,0,9759,726.0,0.0012101331146426107,0.07439286812173379
9599.0,6.6328,-1,1,1,5401,682,682,682,487,176,18,1,0,9764,165.0,0.00027503025332786606,0.01689881196231053
9103.0,10.7712,-1,1,1,8353,1126,1126,1126,1003,78,39,6,0,9810,707.0,0.0011784629642594018,0.07206931702344546
9870.0,0.0814,-1,1,1,1,1,1,1,0,0,0,0,1,9870,0.0,0.0,0.0
9495.0,9.2856,-1,1,1,8257,784,784,784,499,233,49,3,0,9764,269.0,0.0004483826554254301,0.027550184350675952
2299.0,26.9799,-1,1,1,18981,3873,3873,3873,1789,2060,7,17,0,3917,1618.0,0.002696963332633256,0.4130712279805974
4099.0,0.211,-1,1,1,22,22,22,22,4,5,5,7,1,4741,642.0,0.0010701177129484242,0.13541446952119807
1555.0,3.3439,-1,462,308,5,5,1540,1251,242,493,516,0,0,5879,4324.0,0.007207459487210259,0.7354992345637014
3399.0,25.5638,-1,1,1,19779,3234,3234,3234,1141,2066,10,17,0,5014,1615.0,0.0026919627825727497,0.322098125249302
4151.0,3.0163,-1,1,1,883,882,882,581,312,259,6,4,0,4887,736.0,0.0012268016148442996,0.1506036423163495
9009.0,0.1282,-1,1,1,17,17,17,9,3,4,0,2,0,9424,415.0,0.0006917427583700874,0.0440365025466893
9234.0,2.8057,-1,1,1,5401,179,179,179,120,42,12,5,0,9950,716.0,0.0011934646144409217,0.07195979899497487
5582.0,3.5446,-1,1,1,919,917,917,917,611,260,46,0,0,7303,1721.0,0.0028686488847106516,0.23565657948788168
5495.0,2.0387,-1,1,1,649,644,644,351,315,0,32,4,0,6752,1257.0,0.002095230475352289,0.18616706161137442
4967.0,0.2274,-1,1,1,4,4,4,4,1,2,0,1,0,4967,0.0,0.0,0.0
9719.0,0.1192,-1,1,1,9,9,9,9,1,0,4,4,0,9764,45.0,7.500825090759983e-05,0.004608766898811963
9599.0,0.1614,-1,1,1,17,17,17,17,6,4,3,4,0,9764,165.0,0.00027503025332786606,0.01689881196231053
9870.0,0.0655,-1,1,1,1,1,1,1,0,0,0,0,1,9870,0.0,0.0,0.0
9759.0,0.0434,-1,1,1,1,1,1,1,0,0,0,0,1,9759,0.0,0.0,0.0
9950.0,0.0363,-1,1,1,1,1,1,1,0,0,0,0,1,9950,0.0,0.0,0.0
3431.0,0.616,-1,54,36,5,5,180,144,28,57,59,0,0,6593,3162.0,0.0052705797637740154,0.4795995753071439
6625.0,8.245,-1,7,7,5497,702,4914,867,102,429,294,42,0,9659,3034.0,0.0050572229611923975,0.3141111916347448
9374.0,0.328,-1,1,1,17,17,17,17,6,4,3,4,0,9599,225.0,0.0003750412545379992,0.023439941660589644
9117.0,2.816,-1,1,1,2521,256,256,256,42,181,23,10,0,9810,693.0,0.0011551270639770376,0.07064220183486239
2796.0,20.3021,-1,1,1,30107,2677,2677,2677,72,1739,802,64,0,4397,1601.0,0.002668626882290385,0.36411189447350467
9234.0,0.1842,-1,1,1,13,13,13,9,1,4,0,4,0,9870,636.0,0.001060116612827411,0.06443768996960486
3589.0,45.4018,-1,1,1,108781,2299,2299,2299,354,1252,625,68,0,5223,1634.0,0.0027236329329559583,0.3128470227838407
3946.0,3.6836,-1,1,1,919,917,917,917,611,260,46,0,0,5879,1933.0,0.003222021088986455,0.32879741452628
9134.0,2.8127,-1,1,1,5401,164,164,164,120,28,9,7,0,9810,676.0,0.0011267906136341664,0.0689092762487258
8051.0,0.2796,-1,21,7,17,17,119,56,28,0,14,14,0,9734,1683.0,0.002805308583944234,0.17289911649886994
2897.0,11.5794,-1,1,1,16319,2451,2451,1171,946,27,182,16,0,4471,1574.0,0.0026236219317458255,0.35204652203086556
2514.0,2.8302,-1,378,252,9,9,2268,955,29,0,439,487,0,4914,2400.0,0.004000440048405325,0.4884004884004884
9599.0,0.0864,-1,1,1,9,9,9,9,1,0,4,4,0,9810,211.0,0.00035170535425563476,0.021508664627930683
7193.0,3.8835,-1,1,1,8257,240,240,240,210,21,9,0,0,9764,2571.0,0.004285471401854204,0.2633142154854568
8588.0,4.0847,-1,1,1,8353,215,215,169,134,14,15,6,0,9870,1282.0,0.002136901725856511,0.12988855116514691
5831.0,2.9851,-1,1,1,937,933,933,598,334,254,6,4,0,6466,635.0,0.0010584497628072422,0.09820600061862048
3516.0,3.0914,-1,1,1,973,971,971,636,336,254,46,0,0,5707,2191.0,0.0036520683941900275,0.3839144909759944
4071.0,3.3464,-1,7,7,5401,127,889,386,274,49,42,21,0,9383,5312.0,0.008854307307137118,0.5661302355323458
9734.0,0.0469,-1,3,1,1,1,1,1,0,0,0,0,1,9734,0.0,0.0,0.0
6048.0,3.3795,-1,1,1,937,931,931,931,667,254,6,4,0,6752,704.0,0.0011734624141988951,0.10426540284360189
3008.0,20.7994,-1,1,1,20134,4186,4186,4186,2016,1836,334,0,0,4746,1738.0,0.0028969853350535226,0.3662031184155078
4509.0,14.1783,-1,1,1,16481,2271,2271,2271,2071,4,183,13,0,5015,506.0,0.000843426110205456,0.10089730807577268
4036.0,3.8909,-1,1,1,973,969,969,969,669,254,46,0,0,5707,1671.0,0.002785306383702207,0.29279831785526544
8574.0,4.1043,-1,1,1,8257,281,281,218,177,28,6,7,0,9810,1236.0,0.002060226624928742,0.12599388379204893
2872.0,72.112,-1,7,7,112969,3318,23226,10056,347,1156,8217,336,0,4590,1718.0,0.0028636483346501447,0.37429193899782137
2778.0,8.5551,-1,1,1,15352,304,304,169,70,7,78,14,0,3568,790.0,0.0013168115159334194,0.22141255605381166
9134.0,3.7738,-1,1,1,5497,104,104,104,60,21,18,5,0,9764,630.0,0.0010501155127063976,0.06452273658336748
8929.0,0.2672,-1,1,1,13,13,13,13,1,5,3,4,0,9731,802.0,0.001336813716175446,0.08241701777823451
2051.0,63.404,3,1,1,425,204,204,204,0,0,0,204,0,3722,1671.0,0.002785306383702207,0.4489521762493283
3598.0,28.2963,-1,1,1,16712,2314,2314,2314,2073,40,190,11,0,5166,1568.0,0.002613620831624812,0.3035230352303523
9009.0,0.4785,-1,3,3,13,13,39,31,2,12,8,9,0,9564,555.0,0.0009251017611937313,0.05803011292346299
9594.0,0.1428,-1,1,1,17,17,17,17,6,4,3,4,0,9764,170.0,0.0002833645034287105,0.017410897173289634
6752.0,0.0536,-1,1,1,4,4,4,4,1,2,0,1,0,6752,0.0,0.0,0.0
2295.0,16.7703,-1,1,1,25097,1051,1051,1051,111,72,800,68,0,3914,1619.0,0.0026986301826534254,0.41364333163004596
2562.0,75.3034,3,1,1,450,162,162,162,0,0,0,162,0,4300,1738.0,0.0028969853350535226,0.4041860465116279
4509.0,30.025,-1,1,1,19497,3815,3815,3815,1481,2307,10,17,0,4552,43.0,7.167455086726206e-05,0.009446397188049209
2489.0,21.941,-1,1,1,19564,4165,4165,4165,1626,2189,350,0,0,4235,1746.0,0.0029103201352148737,0.41227863046044866
9764.0,2.5129,-1,1,1,4849,100,100,79,39,21,18,1,0,9764,0.0,0.0,0.0
9594.0,0.1161,-1,1,1,17,17,17,17,6,4,3,4,0,9764,170.0,0.0002833645034287105,0.017410897173289634
6048.0,2.8191,-1,1,1,730,727,727,727,670,24,29,4,0,6361,313.0,0.000521724056312861,0.04920609966986323
3770.0,0.2605,-1,1,1,42,42,42,42,6,5,15,16,0,3774,4.0,6.667400080675541e-06,0.0010598834128245894
9025.0,0.0963,-1,3,1,17,17,17,7,2,2,1,2,0,9495,470.0,0.000783419509479376,0.049499736703528176
5669.0,2.0642,-1,1,1,676,673,673,384,321,30,29,4,0,6066,397.0,0.0006617394580070475,0.06544675239037256
9089.0,0.0876,-1,1,1,13,13,13,13,1,5,3,4,0,9684,595.0,0.0009917757620004867,0.06144155307724081
4099.0,0.1239,-1,1,1,22,22,22,22,4,5,5,7,1,4714,615.0,0.0010251127624038643,0.13046245226983452
4994.0,0.1105,-1,1,1,24,24,24,19,1,5,5,7,1,5011,17.0,2.8336450342871048e-05,0.003392536419876272
-2147483648.0,0.0511,-1,7,0,17,17,0,0,0,0,0,0,0,-2147483648,0.0,0.0,-0.0
2754.0,23.0378,-1,7,7,16554,2274,15918,4779,3324,59,1319,77,0,5179,2425.0,0.0040421112989095466,0.4682371114114694
2094.0,47.7908,-1,1,1,102145,2288,2288,2288,359,1236,625,68,0,3710,1616.0,0.0026936296325929185,0.43557951482479784
9734.0,0.1402,-1,1,1,17,17,17,17,6,4,3,4,0,9950,216.0,0.00036003960435647924,0.021708542713567838
9824.0,0.0193,-1,1,1,1,1,1,1,0,0,0,0,1,9824,0.0,0.0,0.0
9117.0,4.1457,-1,1,1,5401,693,693,693,484,152,48,9,0,9810,693.0,0.0011551270639770376,0.07064220183486239
9117.0,4.2321,-1,1,1,5497,720,720,720,482,172,58,8,0,9764,647.0,0.0010784519630492688,0.06626382630069644
9495.0,3.5738,-1,1,1,5401,524,524,524,240,254,27,3,0,9764,269.0,0.0004483826554254301,0.027550184350675952
3352.0,59.5315,3,1,1,360,162,162,162,0,0,0,162,0,5264,1912.0,0.0031870172385629085,0.36322188449848025
3165.0,2.6518,-1,54,36,17,17,612,160,21,31,45,63,0,7694,4529.0,0.0075491637413448815,0.5886404990902001
8574.0,0.1151,-1,1,1,17,17,17,12,4,2,2,4,0,9950,1376.0,0.002293585627752386,0.13829145728643216
2492.0,23.9974,-1,1,1,19208,4413,4413,2698,1045,1629,7,17,0,4135,1643.0,0.0027386345831374786,0.3973397823458283
8447.0,0.2198,-1,7,7,13,13,91,49,7,7,7,28,0,9759,1312.0,0.0021869072264615774,0.13444000409878062
9424.0,0.0851,-1,1,1,17,17,17,17,6,4,3,4,0,9599,175.0,0.0002916987535295549,0.018231065736014167
7047.0,10.1619,-1,21,21,5401,606,12726,1849,58,1686,84,21,0,9764,2717.0,0.004528831504798861,0.2782671036460467
3059.0,18.8453,-1,1,1,20126,3772,3772,3772,1299,2125,348,0,0,4795,1736.0,0.002893651635013185,0.362043795620438
3149.0,59.7103,3,1,1,425,102,102,102,0,0,0,102,0,5048,1899.0,0.0031653481883007132,0.37618858954041207
2726.0,60.1223,3,1,1,425,204,204,204,0,0,0,204,0,4422,1696.0,0.002826977634206429,0.3835368611488014
9731.0,0.0684,-1,21,7,1,1,7,7,0,0,0,0,7,9950,219.0,0.0003650401544169859,0.022010050251256283
8207.0,6.6231,-1,1,1,5401,590,590,282,98,139,36,9,0,9764,1557.0,0.0025952854814029545,0.1594633346988939
9134.0,5.3703,-1,1,1,8257,196,196,196,150,28,15,3,0,9764,630.0,0.0010501155127063976,0.06452273658336748
3399.0,15.7728,-1,1,1,16481,1853,1853,1853,1612,20,205,16,0,4994,1595.0,0.0026586257821693718,0.31938325991189426
7952.0,4.4025,-1,1,1,5401,675,675,312,117,159,26,10,0,9731,1779.0,0.002965326185880447,0.18281779878738053
3996.0,3.102,-1,1,1,946,937,937,623,351,253,16,3,0,5004,1008.0,0.0016801848203302364,0.2014388489208633
2444.0,48.888,-1,1,1,110214,2260,2260,765,67,173,457,68,0,4121,1677.0,0.0027953074838232205,0.4069400630914827
9134.0,2.6844,-1,1,1,5497,128,128,128,60,42,21,5,0,9810,676.0,0.0011267906136341664,0.0689092762487258
9103.0,3.7735,-1,1,1,4849,546,546,546,499,0,38,9,0,9810,707.0,0.0011784629642594018,0.07206931702344546
9460.0,0.1134,-1,1,1,17,17,17,17,1,5,8,3,0,9679,219.0,0.0003650401544169859,0.022626304370286187
3149.0,61.493,3,1,1,360,162,162,162,0,0,0,162,0,5103,1954.0,0.003257024939410002,0.38291201254164214
8939.0,0.1457,-1,1,1,17,17,17,17,6,4,3,4,0,9950,1011.0,0.0016851853703907429,0.10160804020100503
3049.0,68.2413,3,1,1,360,198,198,198,0,0,0,198,0,4996,1947.0,0.0032453569892688197,0.3897117694155324
8824.0,0.1671,-1,3,3,17,17,51,19,4,2,6,7,0,9659,835.0,0.0013918197668410192,0.08644787245056423
