estimates,runtime,forced,relevant_nodes,cat_regions,b_adic_cubes,num_regions,candidate_regions,query_regions,level_0_queries,level_1_queries,level_2_queries,level_3_queries,level_4_queries,true_avgs,absolute_error,normalized_error,relative_error
-1339700585.0,29.83,-1,1,1,8257,289,289,289,240,28,18,3,0,25,1339700610.0,2233.0799887987678,53588024.4
1430825601.0,2.016,-1,7,7,17,17,119,70,21,21,7,21,0,25,1430825576.0,2384.971640213757,57233023.04
-785891715.0,11.833,-1,1,1,8257,233,233,233,209,7,12,5,0,25,785891740.0,1309.9636626695603,31435669.6
196002338.0,75.1914,-1,1,1,108065,2749,2749,874,53,196,561,64,0,26,196002312.0,326.70645771034816,7538550.461538462
796813642.0,0.8823,-1,1,1,17,17,17,17,6,4,3,4,0,25,796813617.0,1328.1687935672924,31872544.68
429572264.0,25.2512,-1,1,1,18886,2959,2959,2067,438,1583,30,16,0,19,429572245.0,716.0325052422434,22609065.52631579
1613679842.0,64.1977,-1,1,1,109356,3126,3126,3126,374,1226,1475,51,0,31,1613679811.0,2689.762225511473,52054187.451612905
501484590.0,2.8816,-1,7,7,2065,37,259,182,0,98,77,7,0,25,501484565.0,835.8995572846346,20059382.6
653107123.0,8.0932,-1,1,1,5401,774,774,774,580,142,43,9,0,25,653107098.0,1088.631579473742,26124283.92
1258930327.0,0.3297,-1,1,1,17,17,17,17,6,4,3,4,0,25,1258930302.0,2098.4479992799206,50357212.08
-165675264.0,0.557,-1,1,1,41,41,41,41,15,4,15,6,1,20,165675284.0,276.1558504768858,8283764.2
145219826.0,0.1704,-1,27,9,1,1,9,9,0,0,0,0,9,25,145219801.0,242.0596282257715,5808792.04
1599150949.0,5.5505,-1,1,1,937,932,932,932,668,254,6,4,0,27,1599150922.0,2665.5447465887914,59227811.925925925
1278750727.0,0.5948,-1,1,1,17,17,17,17,1,5,8,3,0,25,1278750702.0,2131.485633419676,51150028.08
328014891.0,2.0129,-1,1,1,2065,41,41,41,0,21,15,5,0,25,328014866.0,546.7515860077942,13120594.64
689680474.0,70.4524,-1,7,7,114678,2341,16387,1452,86,180,710,476,0,32,689680442.0,1149.5938586577856,21552513.8125
-940594837.0,4.2751,-1,1,1,5401,140,140,140,90,35,12,3,0,25,940594862.0,1567.8305646954498,37623794.48
2060763091.0,26.4526,-1,1,1,19738,3450,3450,3450,2133,1293,10,14,0,22,2060763069.0,3434.982963125944,93671048.5909091
310004473.0,0.4747,-1,3,1,4,4,4,4,1,2,0,1,0,19,310004454.0,516.7309304023443,16316023.894736841
813492443.0,0.3349,-1,1,1,32,32,32,28,11,4,5,7,1,28,813492415.0,1355.969848349985,29053300.535714287
443345305.0,91.608,3,1,1,450,108,108,108,0,0,0,108,0,21,443345284.0,738.9900955771801,21111680.19047619
127618333.0,8.3583,-1,1,1,4945,511,511,511,385,41,79,6,0,25,127618308.0,212.720579263719,5104732.32
-767338170.0,24.7341,-1,1,1,16513,2216,2216,2216,2003,48,148,17,0,26,767338196.0,1279.037687478956,29513007.53846154
422636196.0,7.2562,-1,1,1,5401,756,756,281,159,99,17,6,0,25,422636171.0,704.4711101554504,16905446.84
-1412352404.0,3.1108,-1,1,1,1969,172,172,172,0,156,10,6,0,25,1412352429.0,2354.1796747642243,56494097.16
1193098346.0,89.1518,-1,1,1,104478,2634,2634,2634,409,1336,825,64,0,23,1193098323.0,1988.7159637560133,51873840.13043478
1606269349.0,0.4722,-1,1,1,1,1,1,1,0,0,0,0,1,25,1606269324.0,2677.4100551060615,64250772.96
1375154334.0,21.5503,-1,1,1,20853,1030,1030,1030,63,99,800,68,0,26,1375154308.0,2292.1759860251295,52890550.307692304
797674872.0,0.4555,-1,1,1,9,9,9,9,1,0,4,4,0,25,797674847.0,1329.6043348101625,31906993.88
1502760123.0,174.3629,3,1,1,425,221,221,221,0,0,0,221,0,30,1502760093.0,2504.875691326046,50092003.1
1295563866.0,0.3074,-1,1,1,13,13,13,13,1,5,3,4,0,25,1295563841.0,2159.5106145009286,51822553.64
1297317524.0,0.1434,-1,1,1,13,13,13,13,1,5,3,4,0,25,1297317499.0,2162.433699373598,51892699.96
580827444.0,73.7459,3,1,1,360,108,108,108,0,0,0,108,0,24,580827420.0,968.1521967416415,24201142.5
-1863561380.0,6.4869,-1,1,1,2521,330,330,330,128,159,40,3,0,25,1863561405.0,3106.277365510206,74542456.2
1543031247.0,0.9592,-1,7,7,13,13,91,63,7,14,21,21,0,25,1543031222.0,2572.0016235119197,61721248.88
1057381429.0,51.6579,-1,21,21,16597,2277,47817,6555,3604,72,2695,184,0,24,1057381405.0,1762.4962162504542,44057558.541666664
488073162.0,92.1603,3,1,1,450,108,108,108,0,0,0,108,0,21,488073141.0,813.5447249197412,23241578.14285714
12494960.0,0.2599,-1,1,1,4,4,4,4,1,2,0,1,0,19,12494941.0,20.82719265785903,657628.4736842106
-778362515.0,8.0207,-1,1,1,4849,507,507,507,498,0,0,9,0,25,778362540.0,1297.4136154977048,31134501.6
-1109124365.0,4.0235,-1,1,1,2521,349,349,349,125,198,20,6,0,25,1109124390.0,1848.7440118413026,44364975.6
1093201707.0,5.632,-1,1,1,937,937,937,937,673,254,6,4,0,18,1093201689.0,1822.2032573583094,60733427.166666664
429331300.0,75.6336,3,1,1,425,102,102,102,0,0,0,102,0,21,429331279.0,715.6308510602832,20444346.61904762
1510318372.0,0.3935,-1,7,7,4,4,28,28,7,14,0,7,0,26,1510318346.0,2517.4741654915374,58089167.15384615
1582364157.0,7.9906,-1,1,1,937,932,932,932,668,254,6,4,0,28,1582364129.0,2637.5636803381703,56513004.60714286
800718150.0,0.3455,-1,1,1,13,13,13,13,1,5,3,4,0,25,800718125.0,1334.677022805842,32028725.0
1303362359.0,60.4769,-1,1,1,107198,3454,3454,3454,392,1412,1602,48,0,25,1303362334.0,2172.5095327152653,52134493.36
1266726763.0,0.3423,-1,1,1,17,17,17,17,6,4,3,4,0,25,1266726738.0,2111.443488783766,50669069.52
370199182.0,3.1619,-1,1,1,4849,101,101,101,60,21,15,5,0,25,370199157.0,617.0664723119543,14807966.28
-772627097.0,6.0677,-1,1,1,4849,799,799,799,623,121,49,6,0,25,772627122.0,1287.8535338887277,30905084.88
837458904.0,74.6877,3,1,1,340,153,153,153,0,0,0,153,0,28,837458876.0,1395.918344351212,29909245.57142857
630540000.0,9.331,-1,462,308,13,13,4004,1408,24,404,377,603,0,25,630539975.0,1051.0155700460384,25221599.0
-945595510.0,9.0631,-1,1,1,8353,1077,1077,1077,875,156,40,6,0,25,945595535.0,1576.165936586358,37823821.4
1772510923.0,4.6816,-1,1,1,973,972,972,972,672,254,46,0,0,31,1772510892.0,2954.509816079769,57177770.70967742
1594562194.0,15.6868,-1,1,1,26570,1049,1049,1049,87,94,800,68,0,31,1594562163.0,2657.895973557091,51437489.12903226
1255914023.0,0.2205,-1,1,1,17,17,17,17,6,4,3,4,0,25,1255913998.0,2093.420272896685,50236559.92
-200876394.0,4.6531,-1,1,1,8257,247,247,247,209,28,3,7,0,25,200876419.0,334.83086306160345,8035056.76
1368299589.0,5.9508,-1,1,1,5497,818,818,818,506,276,35,1,0,25,1368299564.0,2280.750155850477,54731982.56
629352062.0,68.1095,3,1,1,288,108,108,108,0,0,0,108,0,26,629352036.0,1049.035453899929,24205847.53846154
-1432500871.0,0.3417,-1,7,7,13,13,91,42,0,7,14,21,0,25,1432500896.0,2387.764147389546,57300035.84
68661530.0,1.5546,-1,54,36,17,17,612,163,15,45,27,76,0,25,68661505.0,114.44843099407602,2746460.2
1429388614.0,28.9722,-1,1,1,34960,2724,2724,2724,99,1759,802,64,0,27,1429388587.0,2382.5763950701244,52940318.03703704
513042594.0,4.9179,-1,1,1,5401,657,657,193,152,32,0,9,0,25,513042569.0,855.1650164851467,20521702.76
809547311.0,0.3193,-1,1,1,3,3,3,3,1,0,1,1,0,24,809547287.0,1349.3939116636163,33731136.958333336
1279247880.0,22.07,-1,1,1,29233,2326,2326,2326,72,1561,625,68,0,25,1279247855.0,2132.314312907753,51169914.2
781924617.0,0.4414,-1,7,7,17,17,119,70,21,28,7,14,0,25,781924592.0,1303.3510219457473,31276983.68
1271121026.0,0.1444,-1,1,1,13,13,13,13,1,5,3,4,0,25,1271121001.0,2118.7680661539434,50844840.04
507699072.0,3.387,-1,378,252,9,9,2268,1005,22,0,376,607,0,25,507699047.0,846.2581667316738,20307961.88
645733570.0,0.1459,-1,1,1,4,4,4,4,1,2,0,1,0,20,645733550.0,1076.340980841226,32286677.5
-1111197723.0,0.0264,-1,1,1,1,1,1,1,0,0,0,0,1,25,1111197748.0,1852.1999886654198,44447909.92
1364972396.0,3.9595,-1,1,1,919,916,916,916,610,260,46,0,0,24,1364972372.0,2275.204225798171,56873848.833333336
1207504414.0,3.3215,-1,1,1,676,674,674,674,611,30,29,4,0,21,1207504393.0,2012.7287218260676,57500209.190476194
48558017.0,0.2829,-1,1,1,41,41,41,41,15,14,4,7,1,21,48557996.0,80.93889661196064,2312285.523809524
192501746.0,0.2282,-1,3,1,17,17,17,8,4,1,1,2,0,25,192501721.0,320.8714975313951,7700068.84
117736129.0,0.1487,-1,1,1,13,13,13,6,0,3,1,2,0,25,117736104.0,196.24842732700597,4709444.16
1634764823.0,0.2739,-1,1,1,42,42,42,42,6,5,15,16,0,29,1634764794.0,2724.9077298502834,56371199.79310345
461919695.0,10.9789,-1,7,7,16585,223,1561,1366,0,63,1226,77,0,23,461919672.0,769.9508145896049,20083464.0
665124047.0,3.0947,-1,1,1,2617,397,397,397,129,198,62,8,0,25,665124022.0,1108.66198948551,26604960.88
1263150511.0,0.2783,-1,1,1,17,17,17,17,6,4,3,4,0,25,1263150486.0,2105.4824130654374,50526019.44
-1128994860.0,0.0844,-1,1,1,1,1,1,1,0,0,0,0,1,25,1128994885.0,1881.8651468328183,45159795.4
1300203981.0,0.0946,-1,1,1,9,9,9,9,1,0,4,4,0,25,1300203956.0,2167.2449902822646,52008158.24
-1511210874.0,4.5108,-1,1,1,5497,450,450,450,259,120,68,3,0,25,1511210899.0,2518.9619174775894,60448435.96
1536492244.0,70.7783,3,1,1,425,221,221,221,0,0,0,221,0,31,1536492213.0,2561.102076228385,49564264.93548387
1603228259.0,0.1028,-1,1,1,1,1,1,1,0,0,0,0,1,25,1603228234.0,2672.3410141782265,64129129.36
-1762790700.0,0.0784,-1,21,7,1,1,7,7,0,0,0,0,7,25,1762790725.0,2938.3077555197738,70511629.0
549450491.0,0.2122,-1,1,1,17,17,17,7,2,0,2,3,0,25,549450466.0,915.8515203339034,21978018.64
1289838350.0,0.1814,-1,1,1,17,17,17,17,6,4,3,4,0,25,1289838325.0,2149.967038040851,51593533.0
326885578.0,0.1564,-1,1,1,17,17,17,10,1,3,4,2,0,25,326885553.0,544.8691906109672,13075422.12
513273202.0,7.2567,-1,1,1,5497,641,641,316,92,174,44,6,0,25,513273177.0,855.5494054345978,20530927.08
-1417638593.0,21.1238,-1,1,1,19333,3229,3229,3229,1073,2120,20,16,0,26,1417638619.0,2362.9909606723404,54524562.26923077
1426490319.0,3.0655,-1,1,1,730,728,728,728,671,24,29,4,0,24,1426490295.0,2377.745376991469,59437095.625
485069713.0,6.393,-1,1,1,8257,1198,1198,430,261,137,26,6,0,25,485069688.0,808.5384192261149,19402787.52
1132508918.0,67.7623,3,1,1,360,198,198,198,0,0,0,198,0,26,1132508892.0,1887.722469471642,43558034.307692304
1402669391.0,41.7146,-1,7,7,19248,2061,14427,8022,374,7403,133,112,0,20,1402669371.0,2338.0394693416274,70133468.55
75987377.0,0.2292,-1,1,1,17,17,17,7,4,0,2,1,0,25,75987352.0,126.65951921378019,3039494.08
164797272.0,0.1258,-1,1,1,13,13,13,4,0,1,0,3,0,25,164797247.0,274.6922944857268,6591889.88
1255575605.0,0.1223,-1,1,1,17,17,17,17,6,4,3,4,0,25,1255575580.0,2092.8561808465597,50223023.2
61978284.0,1.8703,-1,154,77,17,17,1309,513,0,175,301,37,0,26,61978258.0,103.30846059733237,2383779.153846154
-1222628549.0,8.4525,-1,7,7,8257,697,4879,907,664,0,187,56,0,25,1222628574.0,2037.9384632309554,48905142.96
793580622.0,0.1688,-1,1,1,17,17,17,17,1,5,8,3,0,25,793580597.0,1322.779834115086,31743223.88
-935644243.0,10.9109,-1,1,1,16478,938,938,938,732,21,169,16,0,25,935644268.0,1559.5786669867018,37425770.72
520800447.0,0.166,-1,1,1,13,13,13,6,1,1,1,3,0,25,520800422.0,868.0961939146639,20832016.88
789850918.0,0.0913,-1,1,1,13,13,13,13,1,5,3,4,0,25,789850893.0,1316.562976927462,31594035.72
798425059.0,0.1424,-1,1,1,17,17,17,17,6,4,3,4,0,25,798425034.0,1330.854784026243,31937001.36
943477735.0,5.0516,-1,1,1,5401,682,682,682,487,176,18,1,0,25,943477710.0,1572.6358399423937,37739108.4
-725663385.0,8.0364,-1,1,1,8353,1126,1126,1126,1003,78,39,6,0,25,725663410.0,1209.572069594322,29026536.4
1582856665.0,0.0837,-1,1,1,1,1,1,1,0,0,0,0,1,25,1582856640.0,2638.384622308454,63314265.6
-1510004476.0,6.5937,-1,1,1,8257,784,784,784,499,233,49,3,0,25,1510004501.0,2516.9510329469576,60400180.04
-1175062306.0,21.8688,-1,1,1,18981,3873,3873,3873,1789,2060,7,17,0,20,1175062326.0,1958.6526617927973,58753116.3
1583415194.0,0.2509,-1,1,1,22,22,22,22,4,5,5,7,1,29,1583415165.0,2639.315599715969,54600522.93103448
607536945.0,3.6197,-1,462,308,5,5,1540,1251,242,493,516,0,0,23,607536922.0,1012.6729306890425,26414648.782608695
-685375060.0,19.2129,-1,1,1,19779,3234,3234,3234,1141,2066,10,17,0,27,685375087.0,1142.4174775892016,25384262.48148148
156268962.0,3.056,-1,1,1,883,882,882,581,312,259,6,4,0,18,156268944.0,260.4768924581704,8681608.0
203880541.0,0.1261,-1,1,1,17,17,17,9,3,4,0,2,0,25,203880516.0,339.83824220664275,8155220.64
-584053074.0,3.13,-1,1,1,5401,179,179,179,120,42,12,5,0,25,584053099.0,973.5289198478499,23362123.96
1772373648.0,3.795,-1,1,1,919,917,917,917,611,260,46,0,0,30,1772373618.0,2954.2810009101,59079120.6
235570972.0,2.2029,-1,1,1,649,644,644,351,315,0,32,4,0,29,235570943.0,392.6614310907533,8123135.9655172415
12494960.0,0.0563,-1,1,1,4,4,4,4,1,2,0,1,0,19,12494941.0,20.82719265785903,657628.4736842106
1310207626.0,0.0632,-1,1,1,9,9,9,9,1,0,4,4,0,25,1310207601.0,2183.9195661522767,52408304.04
1296597703.0,0.1004,-1,1,1,17,17,17,17,6,4,3,4,0,25,1296597678.0,2161.23386572523,51863907.12
1603228259.0,0.031,-1,1,1,1,1,1,1,0,0,0,0,1,25,1603228234.0,2672.3410141782265,64129129.36
785418226.0,0.1775,-1,1,1,1,1,1,1,0,0,0,0,1,25,785418201.0,1309.1743441778597,31416728.04
-1128994860.0,0.0364,-1,1,1,1,1,1,1,0,0,0,0,1,25,1128994885.0,1881.8651468328183,45159795.4
91288777.0,0.5272,-1,54,36,5,5,180,144,28,57,59,0,0,30,91288747.0,152.16464977814226,3042958.2333333334
1671649695.0,7.5813,-1,7,7,5497,702,4914,867,102,429,294,42,0,25,1671649670.0,2786.38928615481,66865986.8
792290824.0,0.2194,-1,1,1,17,17,17,17,6,4,3,4,0,25,792290799.0,1320.6299342927723,31691631.96
799573000.0,2.3305,-1,1,1,2521,256,256,256,42,181,23,10,0,25,799572975.0,1332.7682295052455,31982919.0
1358541079.0,21.4068,-1,1,1,30107,2677,2677,2677,72,1739,802,64,0,26,1358541053.0,2264.4841815933087,52251578.961538464
665752464.0,0.3864,-1,1,1,13,13,13,9,1,4,0,4,0,25,665752439.0,1109.7094663746345,26630097.56
1632357159.0,46.4031,-1,1,1,108781,2299,2299,2299,354,1252,625,68,0,32,1632357127.0,2720.8945100627734,51011160.21875
1366958617.0,3.9037,-1,1,1,919,917,917,917,611,260,46,0,0,23,1366958594.0,2278.514959978931,59432982.347826086
1131576531.0,3.2039,-1,1,1,5401,164,164,164,120,28,9,7,0,25,1131576506.0,1886.1683218487367,45263060.24
1553729096.0,0.3001,-1,21,7,17,17,119,56,28,0,14,14,0,25,1553729071.0,2589.8333333333335,62149162.84
463505672.0,12.4433,-1,1,1,16319,2451,2451,1171,946,27,182,16,0,28,463505644.0,772.5943920497922,16553773.0
510919043.0,3.6868,-1,378,252,9,9,2268,955,29,0,439,487,0,25,510919018.0,851.625375457967,20436760.72
1299152608.0,0.2078,-1,1,1,9,9,9,9,1,0,4,4,0,25,1299152583.0,2165.492509176009,51966103.32
986273680.0,5.2125,-1,1,1,8257,240,240,240,210,21,9,0,0,25,986273655.0,1643.97026172879,39450946.2
666256223.0,4.5997,-1,1,1,8353,215,215,169,134,14,15,6,0,25,666256198.0,1110.5491570739448,26650247.92
223387792.0,3.2076,-1,1,1,937,933,933,598,334,254,6,4,0,27,223387765.0,372.35390059573217,8273620.925925926
190507332.0,3.4808,-1,1,1,973,971,971,636,336,254,46,0,0,23,190507309.0,317.5471118489701,8282926.478260869
839094194.0,3.9114,-1,7,7,5401,127,889,386,274,49,42,21,0,25,839094169.0,1398.644132521244,33563766.76
1595133626.0,0.0747,-1,3,1,1,1,1,1,0,0,0,0,1,25,1595133601.0,2658.8484749989166,63805344.04
1586116081.0,3.835,-1,1,1,937,931,931,931,667,254,6,4,0,27,1586116054.0,2643.8175766000927,58745039.03703704
-949497000.0,24.9461,-1,1,1,20134,4186,4186,4186,2016,1836,334,0,0,24,949497024.0,1582.6691336046965,39562376.0
-1773377750.0,16.198,-1,1,1,16481,2271,2271,2271,2071,4,183,13,0,24,1773377774.0,2955.954778358953,73890740.58333333
1318960102.0,5.1634,-1,1,1,973,969,969,969,669,254,46,0,0,23,1318960079.0,2198.5086342831046,57346090.39130435
715383858.0,4.6465,-1,1,1,8257,281,281,218,177,28,6,7,0,25,715383833.0,1192.4375564645445,28615353.32
1395859588.0,72.417,-1,7,7,112969,3318,23226,10056,347,1156,8217,336,0,27,1395859561.0,2326.6885374057815,51698502.25925926
181977898.0,6.8282,-1,1,1,15352,304,304,169,70,7,78,14,0,27,181977871.0,303.3298179466408,6739921.148148148
596709847.0,2.5753,-1,1,1,5497,104,104,104,60,21,18,5,0,25,596709822.0,994.6257788356719,23868392.88
787085975.0,0.0994,-1,1,1,13,13,13,13,1,5,3,4,0,25,787085950.0,1311.9542316321463,31483438.0
855255493.0,59.6697,3,1,1,425,204,204,204,0,0,0,204,0,21,855255472.0,1425.5826007527494,40726451.047619045
-2005002080.0,22.1316,-1,1,1,16712,2314,2314,2314,2073,40,190,11,0,24,2005002104.0,3342.0377974910575,83541754.33333333
734543117.0,0.2058,-1,3,3,13,13,39,31,2,12,8,9,0,25,734543092.0,1224.3731677151154,29381723.68
1296528018.0,0.0932,-1,1,1,17,17,17,17,6,4,3,4,0,25,1296527993.0,2161.1177112815744,51861119.72
2051201869.0,0.0321,-1,1,1,4,4,4,4,1,2,0,1,0,27,2051201842.0,3419.0458317081548,75970438.5925926
1166841029.0,13.5775,-1,1,1,25097,1051,1051,1051,111,72,800,68,0,22,1166841007.0,1944.9489560518323,53038227.59090909
867499973.0,59.4251,3,1,1,450,162,162,162,0,0,0,162,0,25,867499948.0,1445.992305820307,34699997.92
-840954892.0,27.6807,-1,1,1,19497,3815,3815,3815,1481,2307,10,17,0,27,840954919.0,1401.7457236962732,31146478.48148148
-890143861.0,20.5469,-1,1,1,19564,4165,4165,4165,1626,2189,350,0,0,23,890143884.0,1483.7363509986099,38701908.0
369470395.0,2.2027,-1,1,1,4849,100,100,79,39,21,18,1,0,25,369470370.0,615.8516936863055,14778814.8
1284428778.0,0.1096,-1,1,1,17,17,17,17,6,4,3,4,0,25,1284428753.0,2140.950092843546,51377150.12
1491203602.0,2.6357,-1,1,1,730,727,727,727,670,24,29,4,0,25,1491203577.0,2485.612712398364,59648143.08
110608214.0,0.2099,-1,1,1,42,42,42,42,6,5,15,16,0,21,110608193.0,184.36726873289396,5267056.80952381
195772701.0,0.0727,-1,3,1,17,17,17,7,2,2,1,2,0,25,195772676.0,326.32368893911666,7830907.04
203779046.0,1.9046,-1,1,1,676,673,673,384,321,30,29,4,0,24,203779022.0,339.6690669306957,8490792.583333334
796676017.0,0.1014,-1,1,1,13,13,13,13,1,5,3,4,0,25,796675992.0,1327.9393933332667,31867039.68
1544591979.0,0.1032,-1,1,1,22,22,22,22,4,5,5,7,1,28,1544591951.0,2574.6031246770476,55163998.25
217382286.0,0.0979,-1,1,1,24,24,24,19,1,5,5,7,1,30,217382256.0,362.3436177979578,7246075.2
0.0,0.1177,-1,7,0,17,17,0,0,0,0,0,0,0,0,0.0,0.0,0.0
1147119570.0,23.2477,-1,7,7,16554,2274,15918,4779,3324,59,1319,77,0,24,1147119546.0,1912.0762383862225,47796647.75
1082108154.0,44.7484,-1,1,1,102145,2288,2288,2288,359,1236,625,68,0,21,1082108133.0,1803.7119633159648,51528958.71428572
1259991651.0,0.1408,-1,1,1,17,17,17,17,6,4,3,4,0,25,1259991626.0,2100.2170672107263,50399665.04
-1111197723.0,0.0462,-1,1,1,1,1,1,1,0,0,0,0,1,25,1111197748.0,1852.1999886654198,44447909.92
780982692.0,4.1726,-1,1,1,5401,693,693,693,484,152,48,9,0,25,780982667.0,1301.7809742404997,31239306.68
822327646.0,4.4011,-1,1,1,5497,720,720,720,482,172,58,8,0,25,822327621.0,1370.6968116492815,32893104.84
-2083256476.0,3.6138,-1,1,1,5401,524,524,524,240,254,27,3,0,25,2083256501.0,3472.4761407088113,83330260.04
998129479.0,70.2203,3,1,1,360,162,162,162,0,0,0,162,0,32,998129447.0,1663.7320888631082,31191545.21875
76842569.0,1.3328,-1,54,36,17,17,612,160,21,31,45,63,0,26,76842543.0,128.08499434937843,2955482.423076923
575862765.0,0.2009,-1,1,1,17,17,17,12,4,2,2,4,0,25,575862740.0,959.8768197835095,23034509.6
431682832.0,21.321,-1,1,1,19208,4413,4413,2698,1045,1629,7,17,0,25,431682807.0,719.550495554511,17267312.28
-1887458945.0,0.211,-1,7,7,13,13,91,49,7,7,7,28,0,25,1887458970.0,3146.1110222124435,75498358.8
796493739.0,0.1902,-1,1,1,17,17,17,17,6,4,3,4,0,25,796493714.0,1327.6355632452903,31859748.56
436621643.0,10.2962,-1,21,21,5401,606,12726,1849,58,1686,84,21,0,25,436621618.0,727.7827527694714,17464864.72
-1108310825.0,18.8489,-1,1,1,20126,3772,3772,3772,1299,2125,348,0,0,31,1108310856.0,1847.3879726769944,35751963.09677419
593619730.0,61.4968,3,1,1,425,102,102,102,0,0,0,102,0,31,593619699.0,989.4750072507976,19149022.548387095
1069555726.0,63.4042,3,1,1,425,204,204,204,0,0,0,204,0,26,1069555700.0,1782.788940116746,41136757.692307696
-1762790700.0,0.1022,-1,21,7,1,1,7,7,0,0,0,0,7,25,1762790725.0,2938.3077555197738,70511629.0
680363512.0,6.6252,-1,1,1,5401,590,590,282,98,139,36,9,0,25,680363487.0,1134.063892028123,27214539.48
-722854634.0,5.015,-1,1,1,8257,196,196,196,150,28,15,3,0,25,722854659.0,1204.8903029333226,28914186.36
-579389858.0,12.8526,-1,1,1,16481,1853,1853,1853,1612,20,205,16,0,28,579389886.0,965.7560431647481,20692495.92857143
747939774.0,3.7869,-1,1,1,5401,675,675,312,117,159,26,10,0,25,747939749.0,1246.7033857057609,29917589.96
163259679.0,3.1041,-1,1,1,946,937,937,623,351,253,16,3,0,20,163259659.0,272.1293658969153,8162982.95
178850369.0,43.5933,-1,1,1,110214,2260,2260,765,67,173,457,68,0,24,178850345.0,298.1167011704621,7452097.708333333
973201655.0,2.5645,-1,1,1,5497,128,128,128,60,42,21,5,0,25,973201630.0,1622.181156593892,38928065.2
-2674032.0,3.5589,-1,1,1,4849,546,546,546,499,0,38,9,0,25,2674057.0,4.457251964382749,106962.28
791279379.0,0.1126,-1,1,1,17,17,17,17,1,5,8,3,0,25,791279354.0,1318.9440071741226,31651174.16
1057487373.0,71.5457,3,1,1,360,162,162,162,0,0,0,162,0,31,1057487342.0,1762.672797341041,34112494.90322581
790791935.0,0.3369,-1,1,1,17,17,17,17,6,4,3,4,0,25,790791910.0,1318.1315111328913,31631676.4
1315489818.0,65.855,3,1,1,360,198,198,198,0,0,0,198,0,30,1315489788.0,2192.7241796597627,43849659.6
475501575.0,0.1934,-1,3,3,17,17,51,19,4,2,6,7,0,25,475501550.0,792.5897682078362,19020062.0
